{
  "resources": [
    "animalsounds.ogg",
    "animalsounds.m4a",
    "animalsounds.mp3",
    "animalsounds.ac3"
  ],
  "spritemap": {
    "cat": {
      "start": 0,
      "end": 1.2147165532879818,
      "loop": false
    },
    "cow": {
      "start": 3,
      "end": 4.563151927437642,
      "loop": false
    },
    "dog": {
      "start": 6,
      "end": 7.784081632653061,
      "loop": false
    },
    "elephant": {
      "start": 9,
      "end": 10.639070294784581,
      "loop": false
    },
    "goose": {
      "start": 12,
      "end": 13.604920634920635,
      "loop": false
    },
    "pig": {
      "start": 15,
      "end": 18.482471655328798,
      "loop": false
    },
    "rooster": {
      "start": 20,
      "end": 21.787278911564627,
      "loop": false
    },
    "success": {
      "start": 23,
      "end": 24.130816326530613,
      "loop": false
    },
    "wrong": {
      "start": 26,
      "end": 26.21952380952381,
      "loop": false
    }
  }
}